HANDLE_CLIENT_TIME, Number of elements in sorted arrays, Time in ms
0, 100.0, 270.22302083333335
1, 400.0, 225.66164285714285
2, 700.0, 193.25821875
3, 1000.0, 170.63504166666667
4, 1300.0, 163.315825
5, 1600.0, 171.23289772727273
