HANDLE_CLIENT_TIME, Number of elements in sorted arrays, Time in ms
0, 100.0, 0.5034251363064448
1, 600.0, 24.02500357193885
2, 1100.0, 337.8675278919554
3, 1600.0, 729.0098407784167
4, 2100.0, 1303.80239912759
5, 2600.0, 2113.295905310301
6, 3100.0, 3253.099872773537
