SORTED_TIME, Number of elements in sorted arrays, Time in ms
0, 100.0, 11.161145833333334
1, 400.0, 9.184839285714286
2, 700.0, 8.075359375
3, 1000.0, 7.741416666666667
4, 1300.0, 8.149525
5, 1600.0, 9.287477272727273
