SORTED_TIME, Number of elements in sorted arrays, Time in ms
0, 100.0, 0.0506
1, 600.0, 1.69275
2, 1100.0, 5.027966666666667
3, 1600.0, 10.079625
4, 2100.0, 16.54334
5, 2600.0, 25.35515
6, 3100.0, 36.15204285714286
