CLIENT_FULL_LOOP_TIME, Time interval from receiving a response , Time in ms
0, 30.0, 511.8178
1, 90.0, 440.4167
2, 150.0, 383.6599
3, 210.0, 326.816525
4, 270.0, 269.93196
