HANDLE_CLIENT_TIME, Time interval from receiving a response , Time in ms
0, 30.0, 528.5360099807191
1, 90.0, 445.8241883859168
2, 150.0, 385.00309704060567
3, 210.0, 331.7959045140853
4, 270.0, 288.8640568592058
