SORTED_TIME, Time interval from receiving a response , Time in ms
0, 30.0, 13.1397
1, 90.0, 13.15615
2, 150.0, 13.294133333333333
3, 210.0, 13.330025
4, 270.0, 13.30338
