CLIENT_FULL_LOOP_TIME, Time interval from receiving a response , Time in ms
0, 30.0, 563.5375
1, 90.0, 480.749
2, 150.0, 418.5342
3, 210.0, 359.72235
4, 270.0, 310.71026
