SORTED_TIME, Time interval from receiving a response , Time in ms
0, 30.0, 14.017296113847838
1, 90.0, 12.84814198557959
2, 150.0, 12.81630183698163
3, 210.0, 12.805849889624724
4, 270.0, 12.722846850780483
