SORTED_TIME, Time interval from receiving a response , Time in ms
0, 30.0, 14.2171
1, 90.0, 14.04805
2, 150.0, 14.061066666666667
3, 210.0, 14.100975
4, 270.0, 14.31998
