CLIENT_FULL_LOOP_TIME, Number of elements in sorted arrays, Time in ms
0, 100.0, 6.4464999999999995
1, 600.0, 25.00005
2, 1100.0, 132.5913
3, 1600.0, 321.620925
4, 2100.0, 587.32822
5, 2600.0, 933.6537
6, 3100.0, 1374.089842857143
