HANDLE_CLIENT_TIME, Number of elements in sorted arrays, Time in ms
0, 100.0, 3.2205636160714284
1, 600.0, 27.929946971811333
2, 1100.0, 289.4958123953099
3, 1600.0, 716.4932695516743
4, 2100.0, 1432.8675389273355
5, 2600.0, 2265.2364432109307
6, 3100.0, 3420.2807073274034
