HANDLE_CLIENT_TIME, Number of elements in sorted arrays, Time in ms
0, 100.0, 300.885940625
1, 400.0, 293.1924451219512
2, 700.0, 286.07170833333333
3, 1000.0, 281.1953808139535
4, 1300.0, 278.98584943181817
5, 1600.0, 280.0235388888889
