SORTED_TIME, Number of elements in sorted arrays, Time in ms
0, 100.0, 11.926590625
1, 400.0, 11.60367987804878
2, 700.0, 11.383041666666667
3, 1000.0, 11.304482558139535
4, 1300.0, 11.379860795454546
5, 1600.0, 11.641277777777777
