SORTED_TIME, Number of elements in sorted arrays, Time in ms
0, 100.0, 0.04408482142857143
1, 600.0, 2.608553527649142
2, 1100.0, 9.646528820607601
3, 1600.0, 19.90186415256053
4, 2100.0, 36.92572557994382
5, 2600.0, 56.971361116813796
6, 3100.0, 84.54790754505652
