CLIENT_FULL_LOOP_TIME, Number of elements in sorted arrays, Time in ms
0, 100.0, 7.3485000000000005
1, 600.0, 30.15855
2, 1100.0, 134.38466666666667
3, 1600.0, 346.09877500000005
4, 2100.0, 612.83944
5, 2600.0, 997.9496666666668
6, 3100.0, 1561.2983714285715
