HANDLE_CLIENT_TIME, Number of elements in sorted arrays, Time in ms
0, 100.0, 111.47850330154071
1, 600.0, 161.3355532011503
2, 1100.0, 723.5746860139008
3, 1600.0, 1743.5055804855597
4, 2100.0, 3035.459955257271
5, 2600.0, 4787.839902568645
6, 3100.0, 7242.023017621145
