HANDLE_CLIENT_TIME, Number of elements in sorted arrays, Time in ms
0, 100.0, 108.335
1, 600.0, 141.5636
2, 1100.0, 354.86133333333333
3, 1600.0, 718.4027
4, 2100.0, 1242.23566
5, 2600.0, 1929.0431
6, 3100.0, 2757.2565142857143
