HANDLE_CLIENT_TIME, Number of elements in sorted arrays, Time in ms
0, 100.0, 261.8962663043478
1, 400.0, 250.24977604166668
2, 700.0, 241.22568
3, 1000.0, 241.27992788461538
4, 1300.0, 249.6609861111111
5, 1600.0, 267.14270535714286
