SORTED_TIME, Number of elements in sorted arrays, Time in ms
0, 100.0, 0.0353
1, 600.0, 1.9573
2, 1100.0, 5.3396333333333335
3, 1600.0, 11.03755
4, 2100.0, 17.88888
5, 2600.0, 27.399616666666667
6, 3100.0, 41.20037142857143
