SORTED_TIME, Number of elements in sorted arrays, Time in ms
0, 100.0, 10.795146739130434
1, 400.0, 10.242833333333333
2, 700.0, 9.87597
3, 1000.0, 9.865913461538462
4, 1300.0, 10.114976851851852
5, 1600.0, 10.64836607142857
