SORTED_TIME, Number of elements in sorted arrays, Time in ms
0, 100.0, 0.05974494039367896
1, 600.0, 2.7808468872686483
2, 1100.0, 10.10959367945824
3, 1600.0, 22.22002970507108
4, 2100.0, 37.643743536711476
5, 2600.0, 58.59420734827551
6, 3100.0, 87.75675675675676
