SORTED_TIME, Number of simultaneously working clients, Time in ms
0, 100.0, 14.3845
1, 200.0, 14.507333333333333
2, 300.0, 14.718208333333333
3, 400.0, 14.07705
