CLIENT_FULL_LOOP_TIME, Time interval from receiving a response , Time in ms
0, 30.0, 481.4116
1, 90.0, 371.51515
2, 150.0, 297.4719666666667
3, 210.0, 231.94787499999998
4, 270.0, 171.63660000000002
