SORTED_TIME, Time interval from receiving a response , Time in ms
0, 30.0, 12.2232
1, 90.0, 11.1272
2, 150.0, 11.040866666666666
3, 210.0, 10.993
4, 270.0, 10.92206
