HANDLE_CLIENT_TIME, Number of simultaneously working clients, Time in ms
0, 100.0, 300.6470579710145
1, 200.0, 297.8486690140845
2, 300.0, 299.5148277027027
3, 400.0, 308.6609134615385
