SORTED_TIME, Number of simultaneously working clients, Time in ms
0, 100.0, 11.803684782608695
1, 200.0, 11.915630281690142
2, 300.0, 12.065912162162162
3, 400.0, 12.253301282051282
