SORTED_TIME, Number of simultaneously working clients, Time in ms
0, 625.0, 13.5408
1, 1250.0, 13.394613333333334
2, 1875.0, 13.411266666666666
3, 2500.0, 13.450392
4, 3125.0, 13.589770666666666
5, 3750.0, 13.593329523809524
6, 4375.0, 13.607002857142858
7, 5000.0, 13.666266666666667
